50,0.0004
54,0.0006
54,0.0008
54,0.0010
54,0.0012
54,0.0014
54,0.0016
54,0.0017
54,0.0019
54,0.0021
54,0.0023
54,0.0024
56,0.0026
56,0.0028
56,0.0030
56,0.0031
58,0.0033
58,0.0036
58,0.0037
58,0.0039
58,0.0041
58,0.0042
58,0.0044
60,0.0045
60,0.0047
60,0.0048
60,0.0050
60,0.0051
67,0.0053
67,0.0055
67,0.0057
67,0.0059
90,0.0060
90,0.0062
90,0.0064
90,0.0066
90,0.0068
90,0.0070
90,0.0071
90,0.0073
90,0.0075
90,0.0077
90,0.0078
90,0.0080
90,0.0082
90,0.0083
97,0.0085
97,0.0086
97,0.0088
97,0.0089
97,0.0091
97,0.0093
97,0.0094
97,0.0096
97,0.0097
97,0.0099
97,0.0100
97,0.0102
97,0.0103
97,0.0105
97,0.0106
97,0.0107
97,0.0109
97,0.0110
97,0.0112
97,0.0113
98,0.0115
98,0.0116
98,0.0117
98,0.0119
99,0.0120
99,0.0122
100,0.0124
100,0.0125
100,0.0127
110,0.0128
110,0.0130
110,0.0131
110,0.0133
110,0.0134
110,0.0136
110,0.0137
110,0.0138
110,0.0140
110,0.0141
110,0.0143
110,0.0144
110,0.0146
110,0.0147
110,0.0149
110,0.0150
110,0.0151
110,0.0153
110,0.0154
110,0.0156
111,0.0157
111,0.0159
111,0.0161
111,0.0162
111,0.0164
111,0.0165
111,0.0167
111,0.0168
111,0.0170
111,0.0172
111,0.0173
111,0.0175
111,0.0177
111,0.0178
111,0.0180
111,0.0181
111,0.0183
111,0.0184
111,0.0186
111,0.0188
111,0.0189
111,0.0191
111,0.0192
111,0.0194
112,0.0195
112,0.0197
112,0.0198
112,0.0200
112,0.0201
112,0.0203
112,0.0204
112,0.0205
112,0.0207
112,0.0208
112,0.0210
112,0.0211
112,0.0213
112,0.0214
112,0.0216
112,0.0217
112,0.0219
112,0.0220
112,0.0222
112,0.0223
112,0.0224
112,0.0226
112,0.0227
112,0.0229
112,0.0230
112,0.0232
112,0.0233
112,0.0235
112,0.0236
112,0.0237
112,0.0239
112,0.0240
112,0.0242
112,0.0243
112,0.0245
112,0.0247
112,0.0248
112,0.0250
112,0.0251
112,0.0252
112,0.0254
112,0.0256
112,0.0257
112,0.0258
112,0.0260
112,0.0261
112,0.0263
112,0.0264
112,0.0266
112,0.0267
112,0.0269
112,0.0270
112,0.0272
112,0.0273
112,0.0275
112,0.0276
112,0.0278
112,0.0279
112,0.0281
112,0.0282
112,0.0284
112,0.0285
112,0.0287
112,0.0288
112,0.0289
112,0.0291
112,0.0292
112,0.0294
112,0.0295
112,0.0296
112,0.0298
112,0.0299
112,0.0301
112,0.0302
112,0.0304
112,0.0305
112,0.0307
112,0.0308
112,0.0310
112,0.0311
112,0.0313
112,0.0314
112,0.0316
112,0.0317
112,0.0319
112,0.0320
112,0.0321
112,0.0323
112,0.0324
112,0.0326
112,0.0327
112,0.0329
112,0.0331
112,0.0333
112,0.0335
112,0.0337
112,0.0338
112,0.0340
112,0.0342
112,0.0343
112,0.0345
112,0.0346
112,0.0348
113,0.0349
113,0.0351
113,0.0353
113,0.0354
113,0.0356
113,0.0358
113,0.0359
113,0.0361
113,0.0362
113,0.0363
113,0.0365
113,0.0367
113,0.0368
113,0.0370
113,0.0371
113,0.0372
113,0.0374
113,0.0376
113,0.0377
113,0.0379
113,0.0381
113,0.0382
113,0.0384
113,0.0385
113,0.0387
113,0.0389
113,0.0391
113,0.0393
113,0.0394
113,0.0396
113,0.0398
113,0.0399
113,0.0401
113,0.0402
113,0.0404
113,0.0405
113,0.0406
113,0.0408
113,0.0409
113,0.0411
113,0.0413
113,0.0415
113,0.0417
113,0.0419
113,0.0420
114,0.0422
114,0.0424
114,0.0426
114,0.0428
114,0.0429
114,0.0431
114,0.0433
114,0.0435
114,0.0436
114,0.0438
114,0.0440
114,0.0442
114,0.0443
114,0.0445
114,0.0446
114,0.0448
114,0.0450
114,0.0451
114,0.0453
114,0.0454
114,0.0456
114,0.0458
114,0.0460
114,0.0461
114,0.0463
114,0.0465
114,0.0466
114,0.0468
114,0.0470
114,0.0472
114,0.0474
114,0.0476
114,0.0477
114,0.0479
114,0.0481
114,0.0482
114,0.0484
114,0.0485
114,0.0487
114,0.0488
114,0.0490
114,0.0492
114,0.0493
114,0.0494
114,0.0496
114,0.0498
114,0.0499
114,0.0501
114,0.0502
114,0.0503
114,0.0505
114,0.0506
114,0.0508
114,0.0509
114,0.0511
114,0.0513
114,0.0515
114,0.0516
114,0.0518
114,0.0520
114,0.0522
114,0.0523
114,0.0525
114,0.0526
114,0.0527
114,0.0529
114,0.0531
114,0.0533
114,0.0534
114,0.0536
114,0.0538
114,0.0539
114,0.0541
114,0.0542
114,0.0544
114,0.0545
114,0.0547
114,0.0548
114,0.0550
114,0.0551
114,0.0553
114,0.0554
114,0.0556
114,0.0557
114,0.0559
114,0.0560
114,0.0561
114,0.0563
114,0.0564
114,0.0566
114,0.0568
114,0.0569
114,0.0571
114,0.0573
114,0.0575
114,0.0576
114,0.0578
114,0.0580
114,0.0581
114,0.0583
114,0.0584
114,0.0586
114,0.0587
114,0.0588
114,0.0590
114,0.0591
114,0.0593
114,0.0594
114,0.0596
114,0.0597
114,0.0598
114,0.0600
114,0.0602
114,0.0603
114,0.0605
114,0.0606
114,0.0608
114,0.0609
114,0.0611
114,0.0612
114,0.0613
114,0.0615
114,0.0616
114,0.0617
114,0.0619
114,0.0621
114,0.0622
114,0.0623
114,0.0625
114,0.0626
114,0.0627
114,0.0629
114,0.0630
114,0.0631
114,0.0633
114,0.0634
114,0.0636
114,0.0637
114,0.0639
114,0.0640
114,0.0641
114,0.0643
114,0.0644
114,0.0646
114,0.0647
114,0.0648
114,0.0650
114,0.0651
114,0.0652
114,0.0654
114,0.0655
114,0.0657
114,0.0658
114,0.0659
114,0.0661
114,0.0662
114,0.0664
114,0.0665
114,0.0666
114,0.0668
114,0.0669
114,0.0671
114,0.0672
114,0.0674
114,0.0675
114,0.0676
114,0.0678
114,0.0679
114,0.0681
114,0.0682
114,0.0684
114,0.0685
114,0.0687
114,0.0688
114,0.0690
114,0.0691
114,0.0693
114,0.0694
114,0.0696
114,0.0697
114,0.0698
114,0.0700
114,0.0701
114,0.0703
114,0.0704
114,0.0706
114,0.0707
114,0.0708
114,0.0710
114,0.0711
114,0.0713
114,0.0714
114,0.0716
114,0.0717
114,0.0719
114,0.0720
114,0.0721
114,0.0723
114,0.0724
114,0.0726
114,0.0727
114,0.0729
114,0.0730
114,0.0732
114,0.0733
114,0.0734
114,0.0736
114,0.0737
114,0.0739
114,0.0740
114,0.0742
114,0.0743
114,0.0745
114,0.0746
114,0.0748
115,0.0750
115,0.0751
115,0.0753
115,0.0754
120,0.0756
120,0.0758
120,0.0759
120,0.0760
120,0.0762
120,0.0763
120,0.0765
120,0.0766
120,0.0768
120,0.0769
120,0.0771
120,0.0772
120,0.0774
120,0.0775
120,0.0776
120,0.0778
120,0.0779
120,0.0781
120,0.0783
120,0.0784
120,0.0786
120,0.0787
120,0.0789
120,0.0790
120,0.0792
120,0.0793
120,0.0795
120,0.0796
120,0.0798
120,0.0799
120,0.0800
120,0.0802
120,0.0803
120,0.0805
120,0.0806
120,0.0808
120,0.0809
120,0.0810
120,0.0812
120,0.0813
120,0.0815
120,0.0816
120,0.0817
120,0.0819
120,0.0820
120,0.0822
120,0.0823
120,0.0825
120,0.0826
120,0.0828
120,0.0829
120,0.0830
120,0.0831
120,0.0833
120,0.0834
120,0.0836
120,0.0837
120,0.0839
120,0.0840
120,0.0842
120,0.0843
120,0.0845
120,0.0846
120,0.0847
120,0.0849
120,0.0850
120,0.0851
120,0.0853
120,0.0855
120,0.0856
120,0.0858
120,0.0859
120,0.0861
120,0.0862
120,0.0863
120,0.0865
120,0.0866
120,0.0868
120,0.0869
120,0.0870
120,0.0872
120,0.0873
120,0.0874
120,0.0876
120,0.0877
120,0.0879
120,0.0880
120,0.0882
120,0.0883
120,0.0884
120,0.0886
120,0.0887
120,0.0889
120,0.0890
120,0.0891
120,0.0893
120,0.0894
120,0.0896
120,0.0897
121,0.0899
121,0.0901
121,0.0902
121,0.0903
121,0.0905
121,0.0906
121,0.0907
121,0.0909
121,0.0910
121,0.0911
121,0.0913
121,0.0915
121,0.0916
121,0.0918
121,0.0919
121,0.0921
121,0.0922
121,0.0923
121,0.0925
121,0.0926
121,0.0928
121,0.0929
121,0.0931
121,0.0932
121,0.0934
121,0.0935
121,0.0936
121,0.0938
121,0.0939
121,0.0941
121,0.0942
121,0.0944
121,0.0945
121,0.0946
121,0.0948
121,0.0949
121,0.0951
121,0.0952
121,0.0953
121,0.0955
121,0.0956
121,0.0958
121,0.0959
121,0.0961
121,0.0962
121,0.0963
121,0.0965
121,0.0966
121,0.0968
121,0.0969
121,0.0971
121,0.0972
121,0.0974
121,0.0975
121,0.0976
121,0.0978
121,0.0979
121,0.0981
121,0.0982
121,0.0984
121,0.0985
121,0.0986
121,0.0988
121,0.0989
121,0.0991
121,0.0992
121,0.0993
121,0.0995
121,0.0996
121,0.0998
121,0.0999
121,0.1000
121,0.1002
121,0.1003
121,0.1005
121,0.1006
121,0.1007
121,0.1009
121,0.1010
121,0.1012
121,0.1013
121,0.1015
121,0.1016
121,0.1017
121,0.1019
121,0.1020
121,0.1022
121,0.1023
121,0.1025
121,0.1026
121,0.1027
121,0.1029
121,0.1030
121,0.1032
121,0.1033
121,0.1035
121,0.1036
121,0.1038
121,0.1039
121,0.1041
121,0.1042
121,0.1044
121,0.1045
121,0.1047
121,0.1048
121,0.1049
121,0.1051
121,0.1052
121,0.1053
121,0.1055
121,0.1056
121,0.1058
121,0.1059
121,0.1060
121,0.1062
121,0.1064
121,0.1065
121,0.1067
121,0.1068
121,0.1070
121,0.1071
121,0.1073
121,0.1075
121,0.1077
121,0.1078
121,0.1080
121,0.1082
121,0.1084
121,0.1085
121,0.1087
121,0.1088
121,0.1090
121,0.1091
121,0.1093
121,0.1094
121,0.1096
121,0.1098
121,0.1100
121,0.1102
121,0.1103
121,0.1105
121,0.1107
121,0.1109
121,0.1110
121,0.1112
121,0.1113
121,0.1114
121,0.1116
121,0.1117
121,0.1118
121,0.1120
121,0.1121
121,0.1123
121,0.1124
121,0.1126
121,0.1127
121,0.1129
121,0.1130
121,0.1132
121,0.1133
121,0.1135
121,0.1136
121,0.1137
121,0.1139
121,0.1140
121,0.1142
121,0.1144
121,0.1145
121,0.1147
121,0.1148
121,0.1150
121,0.1151
121,0.1153
121,0.1154
121,0.1156
121,0.1157
121,0.1159
121,0.1160
121,0.1162
121,0.1163
121,0.1165
121,0.1166
121,0.1168
121,0.1169
121,0.1171
121,0.1172
121,0.1174
121,0.1175
121,0.1177
121,0.1178
121,0.1180
121,0.1181
121,0.1183
121,0.1184
121,0.1185
121,0.1187
121,0.1188
121,0.1190
121,0.1191
121,0.1193
121,0.1194
121,0.1196
121,0.1197
121,0.1199
121,0.1200
121,0.1202
121,0.1204
121,0.1206
121,0.1207
121,0.1208
121,0.1210
121,0.1212
121,0.1214
121,0.1215
121,0.1217
121,0.1218
121,0.1219
121,0.1221
121,0.1222
121,0.1224
121,0.1225
121,0.1227
121,0.1228
121,0.1229
121,0.1231
121,0.1233
121,0.1234
121,0.1236
121,0.1237
121,0.1239
121,0.1240
121,0.1242
121,0.1243
121,0.1245
121,0.1247
121,0.1248
121,0.1250
121,0.1252
121,0.1254
121,0.1255
121,0.1257
121,0.1258
121,0.1260
121,0.1261
121,0.1263
121,0.1264
121,0.1266
121,0.1267
121,0.1268
121,0.1270
121,0.1271
121,0.1273
121,0.1275
121,0.1276
121,0.1278
121,0.1279
121,0.1281
121,0.1282
121,0.1284
121,0.1285
121,0.1287
121,0.1288
121,0.1290
121,0.1291
121,0.1293
121,0.1295
121,0.1296
121,0.1298
121,0.1300
121,0.1301
121,0.1303
121,0.1304
121,0.1306
121,0.1308
121,0.1309
121,0.1311
121,0.1312
121,0.1314
121,0.1316
121,0.1317
121,0.1319
121,0.1320
121,0.1322
121,0.1323
121,0.1325
121,0.1326
121,0.1328
121,0.1329
121,0.1331
121,0.1332
121,0.1334
121,0.1335
121,0.1337
121,0.1338
121,0.1340
121,0.1341
121,0.1342
121,0.1344
121,0.1346
121,0.1347
121,0.1348
121,0.1350
121,0.1351
121,0.1353
121,0.1354
121,0.1356
121,0.1357
121,0.1358
121,0.1360
121,0.1362
121,0.1364
121,0.1366
121,0.1367
121,0.1369
121,0.1371
121,0.1373
121,0.1375
121,0.1377
121,0.1379
121,0.1380
121,0.1382
121,0.1384
121,0.1385
121,0.1387
121,0.1388
121,0.1390
121,0.1391
121,0.1393
121,0.1394
121,0.1396
121,0.1398
121,0.1399
121,0.1401
121,0.1402
121,0.1404
121,0.1406
121,0.1407
121,0.1409
121,0.1411
121,0.1412
121,0.1414
121,0.1415
121,0.1417
121,0.1418
121,0.1420
121,0.1421
121,0.1423
121,0.1424
121,0.1426
121,0.1427
121,0.1428
121,0.1430
121,0.1432
121,0.1433
121,0.1435
121,0.1436
121,0.1437
121,0.1439
121,0.1440
121,0.1441
121,0.1443
121,0.1444
121,0.1446
121,0.1447
121,0.1449
121,0.1450
121,0.1451
121,0.1453
121,0.1454
121,0.1456
121,0.1458
121,0.1459
121,0.1460
121,0.1462
121,0.1463
121,0.1465
121,0.1466
121,0.1467
121,0.1469
121,0.1470
121,0.1472
121,0.1473
121,0.1475
121,0.1476
121,0.1477
121,0.1479
121,0.1480
121,0.1482
121,0.1483
121,0.1485
121,0.1486
121,0.1488
121,0.1490
121,0.1491
121,0.1493
121,0.1495
121,0.1496
121,0.1498
121,0.1499
121,0.1501
121,0.1502
121,0.1503
121,0.1505
121,0.1506
121,0.1508
121,0.1509
121,0.1510
121,0.1512
121,0.1513
121,0.1515
121,0.1516
121,0.1517
121,0.1519
121,0.1520
121,0.1521
121,0.1523
121,0.1524
121,0.1526
121,0.1527
121,0.1529
121,0.1530
121,0.1531
121,0.1533
121,0.1534
121,0.1535
121,0.1537
121,0.1539
121,0.1540
121,0.1542
121,0.1544
121,0.1545
121,0.1547
121,0.1549
121,0.1550
121,0.1552
121,0.1553
121,0.1555
121,0.1557
121,0.1558
121,0.1560
121,0.1561
121,0.1563
121,0.1565
121,0.1566
121,0.1568
121,0.1570
121,0.1572
121,0.1574
121,0.1575
121,0.1577
121,0.1579
121,0.1581
121,0.1583
121,0.1585
121,0.1587
121,0.1589
121,0.1590
121,0.1592
121,0.1594
121,0.1595
121,0.1597
121,0.1599
121,0.1600
121,0.1602
121,0.1604
121,0.1606
121,0.1607
121,0.1609
121,0.1611
121,0.1613
121,0.1615
121,0.1617
121,0.1619
121,0.1620
121,0.1622
121,0.1624
121,0.1625
121,0.1627
121,0.1628
121,0.1630
121,0.1632
121,0.1634
121,0.1636
121,0.1637
121,0.1639
121,0.1641
121,0.1643
121,0.1644
121,0.1646
121,0.1647
121,0.1649
121,0.1650
121,0.1652
121,0.1653
121,0.1655
121,0.1656
121,0.1658
121,0.1659
121,0.1661
121,0.1662
121,0.1663
121,0.1665
121,0.1666
121,0.1668
121,0.1669
121,0.1671
121,0.1672
121,0.1673
121,0.1675
121,0.1676
121,0.1678
121,0.1679
121,0.1680
121,0.1682
121,0.1684
121,0.1685
121,0.1686
121,0.1688
121,0.1689
121,0.1691
121,0.1692
121,0.1694
121,0.1695
121,0.1697
121,0.1698
121,0.1700
121,0.1701
121,0.1703
121,0.1704
121,0.1706
121,0.1708
121,0.1709
121,0.1711
121,0.1712
121,0.1714
121,0.1715
121,0.1717
121,0.1718
121,0.1719
121,0.1721
121,0.1722
121,0.1724
121,0.1726
121,0.1728
121,0.1729
121,0.1731
121,0.1732
121,0.1734
121,0.1735
121,0.1737
121,0.1739
121,0.1740
121,0.1742
121,0.1743
121,0.1745
121,0.1746
121,0.1748
121,0.1749
121,0.1751
121,0.1752
121,0.1754
121,0.1755
121,0.1757
121,0.1758
121,0.1760
121,0.1761
121,0.1763
121,0.1764
121,0.1766
121,0.1767
121,0.1769
121,0.1770
121,0.1772
121,0.1773
121,0.1775
121,0.1776
121,0.1778
121,0.1779
121,0.1781
121,0.1782
121,0.1784
121,0.1785
121,0.1787
121,0.1788
121,0.1789
121,0.1791
121,0.1792
121,0.1794
121,0.1795
121,0.1796
121,0.1798
121,0.1800
121,0.1801
121,0.1803
121,0.1804
121,0.1805
121,0.1807
121,0.1808
121,0.1809
121,0.1811
121,0.1813
121,0.1814
121,0.1815
121,0.1817
121,0.1818
121,0.1819
121,0.1821
121,0.1822
121,0.1824
121,0.1825
121,0.1827
121,0.1828
121,0.1830
121,0.1831
121,0.1833
121,0.1835
121,0.1837
121,0.1839
121,0.1840
121,0.1842
121,0.1844
121,0.1846
121,0.1848
121,0.1849
121,0.1851
121,0.1852
121,0.1854
121,0.1855
121,0.1857
121,0.1858
121,0.1860
121,0.1861
121,0.1863
121,0.1864
121,0.1866
121,0.1868
121,0.1870
121,0.1871
121,0.1873
121,0.1874
121,0.1876
121,0.1877
121,0.1879
121,0.1881
121,0.1882
121,0.1884
121,0.1885
121,0.1887
121,0.1889
121,0.1891
121,0.1893
121,0.1895
121,0.1896
121,0.1898
121,0.1899
121,0.1901
121,0.1902
121,0.1904
121,0.1906
121,0.1907
121,0.1909
121,0.1911
121,0.1912
121,0.1914
121,0.1916
121,0.1917
121,0.1919
121,0.1921
121,0.1923
121,0.1925
121,0.1926
121,0.1928
121,0.1930
121,0.1931
121,0.1933
121,0.1935
121,0.1937
121,0.1939
121,0.1941
121,0.1942
121,0.1944
121,0.1946
121,0.1948
121,0.1950
121,0.1951
121,0.1953
121,0.1955
121,0.1957
121,0.1958
121,0.1960
121,0.1962
121,0.1964
121,0.1966
121,0.1967
121,0.1969
121,0.1971
121,0.1972
121,0.1974
121,0.1976
121,0.1977
121,0.1979
121,0.1980
121,0.1982
121,0.1984
121,0.1985
121,0.1987
121,0.1988
121,0.1990
121,0.1991
121,0.1993
121,0.1994
121,0.1996
121,0.1998
121,0.2000
121,0.2001
121,0.2003
121,0.2004
121,0.2006
121,0.2007
121,0.2009
121,0.2010
121,0.2012
121,0.2014
121,0.2016
121,0.2017
121,0.2019
121,0.2021
121,0.2022
121,0.2024
121,0.2026
121,0.2028
121,0.2029
121,0.2031
121,0.2033
121,0.2034
121,0.2036
121,0.2037
121,0.2039
121,0.2041
121,0.2043
121,0.2044
121,0.2046
121,0.2048
121,0.2049
121,0.2051
121,0.2052
121,0.2054
121,0.2055
121,0.2057
121,0.2059
121,0.2060
121,0.2062
121,0.2064
121,0.2066
121,0.2067
121,0.2069
121,0.2071
121,0.2072
121,0.2074
121,0.2076
121,0.2078
121,0.2080
121,0.2082
121,0.2084
121,0.2085
121,0.2087
121,0.2088
121,0.2090
121,0.2092
121,0.2093
121,0.2095
121,0.2096
121,0.2098
121,0.2099
121,0.2101
121,0.2103
121,0.2105
121,0.2106
121,0.2108
121,0.2110
121,0.2111
121,0.2113
121,0.2115
121,0.2117
121,0.2118
121,0.2120
121,0.2122
121,0.2124
121,0.2126
121,0.2128
121,0.2129
121,0.2131
121,0.2133
121,0.2135
121,0.2136
121,0.2137
121,0.2139
121,0.2140
121,0.2142
121,0.2143
121,0.2145
121,0.2147
121,0.2148
121,0.2150
121,0.2152
121,0.2154
121,0.2156
121,0.2158
121,0.2160
121,0.2161
121,0.2163
121,0.2165
121,0.2167
121,0.2168
121,0.2170
121,0.2172
121,0.2174
121,0.2176
121,0.2177
121,0.2179
121,0.2181
121,0.2183
121,0.2185
121,0.2187
121,0.2189
121,0.2190
121,0.2192
121,0.2194
121,0.2195
121,0.2197
121,0.2199
121,0.2200
121,0.2202
121,0.2204
121,0.2205
121,0.2207
121,0.2209
121,0.2211
121,0.2213
121,0.2214
121,0.2216
121,0.2218
121,0.2219
121,0.2221
121,0.2222
121,0.2223
121,0.2225
121,0.2227
121,0.2229
121,0.2231
121,0.2233
121,0.2234
121,0.2236
121,0.2237
121,0.2239
121,0.2240
121,0.2242
121,0.2243
121,0.2245
121,0.2246
121,0.2248
121,0.2249
121,0.2251
121,0.2252
121,0.2254
121,0.2255
121,0.2257
121,0.2258
121,0.2259
121,0.2261
121,0.2263
121,0.2265
121,0.2266
121,0.2268
121,0.2270
121,0.2272
121,0.2273
121,0.2275
121,0.2277
121,0.2278
121,0.2280
121,0.2281
121,0.2283
121,0.2284
121,0.2286
121,0.2288
121,0.2289
121,0.2291
121,0.2292
121,0.2294
121,0.2296
121,0.2298
121,0.2299
121,0.2301
121,0.2302
121,0.2304
121,0.2305
121,0.2307
121,0.2308
121,0.2310
121,0.2312
121,0.2313
121,0.2315
121,0.2316
121,0.2317
121,0.2319
121,0.2320
121,0.2321
121,0.2323
121,0.2324
121,0.2326
121,0.2327
121,0.2329
121,0.2330
121,0.2332
121,0.2333
121,0.2335
121,0.2336
122,0.2337
122,0.2339
122,0.2340
122,0.2342
122,0.2343
122,0.2345
122,0.2346
122,0.2348
122,0.2349
122,0.2350
122,0.2352
122,0.2353
122,0.2355
122,0.2357
122,0.2358
122,0.2360
122,0.2361
122,0.2363
122,0.2364
122,0.2366
122,0.2368
122,0.2370
122,0.2371
122,0.2373
122,0.2375
122,0.2376
122,0.2378
122,0.2380
122,0.2381
122,0.2383
122,0.2385
122,0.2386
122,0.2388
122,0.2390
122,0.2392
122,0.2393
122,0.2395
122,0.2396
122,0.2398
122,0.2399
122,0.2401
122,0.2402
122,0.2405
122,0.2407
122,0.2408
122,0.2410
122,0.2412
122,0.2414
122,0.2415
122,0.2416
122,0.2418
122,0.2419
122,0.2421
122,0.2422
122,0.2424
122,0.2426
122,0.2427
122,0.2429
122,0.2431
122,0.2432
122,0.2434
122,0.2436
122,0.2438
122,0.2439
122,0.2441
122,0.2442
122,0.2444
122,0.2445
122,0.2447
122,0.2448
122,0.2450
122,0.2451
122,0.2453
122,0.2454
122,0.2455
122,0.2457
122,0.2459
122,0.2460
122,0.2461
122,0.2463
122,0.2465
122,0.2466
122,0.2468
122,0.2469
122,0.2471
122,0.2472
122,0.2473
122,0.2475
122,0.2476
122,0.2478
122,0.2479
122,0.2481
122,0.2483
122,0.2484
122,0.2486
122,0.2487
122,0.2488
122,0.2490
122,0.2492
122,0.2493
122,0.2494
122,0.2496
122,0.2497
122,0.2499
122,0.2501
122,0.2502
122,0.2504
122,0.2505
122,0.2507
122,0.2508
122,0.2510
122,0.2512
122,0.2513
122,0.2515
122,0.2517
122,0.2518
122,0.2520
122,0.2522
122,0.2524
122,0.2526
122,0.2528
122,0.2529
122,0.2531
122,0.2532
122,0.2534
122,0.2536
122,0.2538
122,0.2540
122,0.2542
122,0.2544
122,0.2545
122,0.2547
122,0.2548
122,0.2550
122,0.2551
122,0.2553
122,0.2554
122,0.2556
122,0.2557
122,0.2559
122,0.2560
122,0.2562
122,0.2563
122,0.2564
122,0.2566
122,0.2568
122,0.2570
122,0.2572
122,0.2574
122,0.2576
122,0.2577
122,0.2579
122,0.2580
122,0.2582
122,0.2584
122,0.2585
122,0.2588
122,0.2589
122,0.2590
122,0.2592
122,0.2593
122,0.2595
122,0.2596
122,0.2598
122,0.2600
122,0.2601
122,0.2603
122,0.2604
122,0.2606
122,0.2608
122,0.2609
122,0.2611
122,0.2612
122,0.2614
122,0.2616
122,0.2617
122,0.2619
122,0.2620
122,0.2622
122,0.2623
122,0.2625
122,0.2626
122,0.2628
122,0.2630
122,0.2631
122,0.2632
122,0.2634
122,0.2636
122,0.2637
122,0.2639
122,0.2641
122,0.2643
122,0.2645
122,0.2647
122,0.2649
122,0.2650
122,0.2652
122,0.2654
122,0.2656
122,0.2658
122,0.2659
122,0.2661
122,0.2663
122,0.2664
122,0.2666
122,0.2667
122,0.2669
122,0.2671
122,0.2673
122,0.2675
122,0.2676
122,0.2678
122,0.2679
122,0.2681
122,0.2682
122,0.2684
122,0.2685
122,0.2687
122,0.2688
122,0.2690
122,0.2692
122,0.2693
122,0.2695
122,0.2696
122,0.2698
122,0.2700
122,0.2701
122,0.2703
122,0.2704
122,0.2705
122,0.2707
122,0.2708
122,0.2710
122,0.2712
122,0.2713
122,0.2715
122,0.2716
122,0.2717
122,0.2719
122,0.2720
122,0.2722
122,0.2723
122,0.2725
122,0.2726
122,0.2728
122,0.2729
122,0.2731
122,0.2732
122,0.2734
122,0.2735
122,0.2737
122,0.2738
122,0.2740
122,0.2741
122,0.2743
122,0.2744
122,0.2746
122,0.2747
122,0.2749
122,0.2750
122,0.2751
122,0.2753
122,0.2755
122,0.2756
122,0.2757
122,0.2759
122,0.2760
122,0.2762
122,0.2763
122,0.2765
122,0.2766
122,0.2768
122,0.2769
122,0.2771
122,0.2772
122,0.2774
122,0.2775
122,0.2776
122,0.2778
122,0.2779
122,0.2781
122,0.2782
122,0.2783
122,0.2785
122,0.2786
122,0.2787
122,0.2789
122,0.2790
122,0.2792
122,0.2793
122,0.2795
122,0.2796
122,0.2798
122,0.2799
122,0.2801
122,0.2802
122,0.2803
122,0.2805
122,0.2806
122,0.2807
122,0.2809
122,0.2810
122,0.2812
122,0.2813
122,0.2814
122,0.2816
122,0.2817
122,0.2819
122,0.2820
122,0.2822
122,0.2823
122,0.2825
122,0.2826
122,0.2828
122,0.2829
122,0.2831
122,0.2832
122,0.2834
122,0.2835
122,0.2837
122,0.2838
122,0.2840
122,0.2841
122,0.2843
122,0.2844
122,0.2846
122,0.2847
122,0.2849
122,0.2850
122,0.2851
122,0.2853
122,0.2854
122,0.2856
122,0.2857
122,0.2859
122,0.2860
122,0.2862
122,0.2863
122,0.2865
122,0.2866
122,0.2868
122,0.2869
122,0.2870
122,0.2872
122,0.2873
122,0.2875
122,0.2876
122,0.2877
122,0.2879
122,0.2880
122,0.2882
122,0.2883
122,0.2885
122,0.2886
122,0.2887
122,0.2889
122,0.2890
122,0.2891
122,0.2893
122,0.2894
122,0.2896
122,0.2897
122,0.2898
122,0.2900
122,0.2901
122,0.2903
122,0.2904
122,0.2906
122,0.2907
122,0.2909
122,0.2910
122,0.2912
122,0.2913
122,0.2915
122,0.2916
122,0.2917
122,0.2919
122,0.2920
122,0.2921
122,0.2923
122,0.2924
122,0.2926
122,0.2927
122,0.2929
122,0.2930
122,0.2932
122,0.2933
122,0.2934
122,0.2936
122,0.2937
122,0.2939
122,0.2940
122,0.2942
122,0.2943
122,0.2945
122,0.2946
122,0.2948
122,0.2949
122,0.2950
122,0.2952
122,0.2953
122,0.2955
122,0.2956
122,0.2958
122,0.2959
122,0.2961
122,0.2962
122,0.2964
122,0.2965
122,0.2967
122,0.2968
122,0.2970
122,0.2971
122,0.2972
122,0.2974
122,0.2975
122,0.2977
122,0.2978
122,0.2980
122,0.2981
122,0.2982
122,0.2984
122,0.2985
122,0.2987
122,0.2988
122,0.2989
122,0.2991
122,0.2992
122,0.2994
122,0.2995
122,0.2997
122,0.2998
122,0.3000
122,0.3001
122,0.3002
122,0.3004
122,0.3005
122,0.3007
122,0.3008
122,0.3010
122,0.3011
122,0.3012
122,0.3014
122,0.3015
122,0.3017
122,0.3019
122,0.3020
122,0.3022
122,0.3023
122,0.3024
122,0.3026
122,0.3027
122,0.3029
122,0.3030
122,0.3032
122,0.3033
122,0.3034
122,0.3036
122,0.3037
122,0.3038
122,0.3040
122,0.3041
122,0.3042
122,0.3044
122,0.3045
122,0.3047
122,0.3048
122,0.3050
122,0.3051
122,0.3053
122,0.3054
122,0.3055
122,0.3057
122,0.3058
122,0.3060
122,0.3061
122,0.3063
122,0.3064
122,0.3065
123,0.3067
123,0.3069
123,0.3070
123,0.3072
123,0.3073
123,0.3075
123,0.3076
123,0.3078
123,0.3079
123,0.3081
123,0.3083
123,0.3084
123,0.3086
123,0.3087
123,0.3088
123,0.3090
123,0.3091
123,0.3093
123,0.3094
123,0.3096
123,0.3097
123,0.3099
123,0.3100
123,0.3102
123,0.3103
123,0.3105
123,0.3106
123,0.3108
123,0.3109
123,0.3111
123,0.3112
123,0.3114
123,0.3115
123,0.3117
123,0.3118
123,0.3120
123,0.3121
123,0.3123
123,0.3124
123,0.3125
123,0.3127
123,0.3128
123,0.3130
123,0.3131
123,0.3133
123,0.3134
123,0.3136
123,0.3137
123,0.3138
123,0.3140
123,0.3141
123,0.3143
123,0.3144
123,0.3146
123,0.3147
123,0.3149
123,0.3150
123,0.3152
123,0.3154
123,0.3155
123,0.3157
123,0.3158
123,0.3160
123,0.3161
123,0.3163
123,0.3164
123,0.3166
123,0.3167
123,0.3169
123,0.3170
123,0.3171
123,0.3173
123,0.3174
123,0.3176
123,0.3177
123,0.3179
123,0.3180
123,0.3182
123,0.3183
123,0.3185
123,0.3186
123,0.3188
123,0.3189
123,0.3191
123,0.3192
123,0.3194
123,0.3195
123,0.3197
123,0.3198
123,0.3200
123,0.3201
123,0.3203
123,0.3204
123,0.3205
123,0.3207
123,0.3208
123,0.3210
123,0.3211
123,0.3213
123,0.3214
123,0.3215
123,0.3217
123,0.3218
123,0.3220
123,0.3221
123,0.3223
123,0.3224
123,0.3225
123,0.3227
123,0.3228
123,0.3230
123,0.3232
123,0.3233
123,0.3235
123,0.3236
123,0.3237
123,0.3239
123,0.3240
123,0.3242
123,0.3243
123,0.3245
123,0.3246
123,0.3248
123,0.3249
123,0.3250
123,0.3252
123,0.3253
123,0.3255
123,0.3256
123,0.3258
123,0.3260
123,0.3262
123,0.3264
123,0.3265
123,0.3267
123,0.3268
123,0.3270
123,0.3271
123,0.3273
123,0.3275
123,0.3277
123,0.3278
123,0.3280
123,0.3281
123,0.3283
123,0.3284
123,0.3286
123,0.3287
123,0.3289
123,0.3290
123,0.3291
123,0.3293
123,0.3294
123,0.3295
123,0.3297
123,0.3298
123,0.3300
123,0.3301
123,0.3302
123,0.3304
123,0.3305
123,0.3307
123,0.3308
123,0.3309
123,0.3311
123,0.3313
123,0.3314
123,0.3316
123,0.3318
123,0.3320
123,0.3322
123,0.3324
123,0.3326
123,0.3328
123,0.3330
123,0.3332
123,0.3334
123,0.3336
123,0.3337
123,0.3339
123,0.3340
123,0.3342
123,0.3343
123,0.3345
123,0.3346
123,0.3348
123,0.3349
123,0.3351
123,0.3353
123,0.3355
123,0.3357
123,0.3358
123,0.3360
123,0.3361
123,0.3363
123,0.3364
123,0.3365
123,0.3367
123,0.3368
123,0.3370
123,0.3372
123,0.3373
123,0.3375
123,0.3376
123,0.3377
123,0.3379
123,0.3380
123,0.3382
123,0.3383
123,0.3385
123,0.3387
123,0.3389
123,0.3390
123,0.3392
123,0.3393
123,0.3395
123,0.3396
123,0.3398
123,0.3400
123,0.3401
123,0.3403
123,0.3404
123,0.3406
123,0.3408
123,0.3410
123,0.3412
123,0.3413
123,0.3415
123,0.3416
123,0.3418
123,0.3420
123,0.3422
123,0.3423
123,0.3426
123,0.3427
123,0.3429
123,0.3431
123,0.3433
123,0.3435
123,0.3437
123,0.3439
123,0.3441
123,0.3443
123,0.3445
123,0.3447
123,0.3448
123,0.3450
123,0.3452
123,0.3454
123,0.3456
123,0.3458
123,0.3460
123,0.3462
123,0.3463
123,0.3465
123,0.3467
123,0.3469
123,0.3471
123,0.3473
123,0.3475
123,0.3477
123,0.3479
123,0.3481
123,0.3483
123,0.3484
123,0.3486
123,0.3487
123,0.3489
123,0.3491
123,0.3492
123,0.3494
123,0.3496
123,0.3499
123,0.3500
123,0.3502
123,0.3504
123,0.3507
123,0.3509
123,0.3510
123,0.3512
123,0.3514
123,0.3516
123,0.3518
123,0.3520
123,0.3522
123,0.3523
123,0.3525
123,0.3527
123,0.3529
123,0.3531
123,0.3533
123,0.3534
123,0.3536
123,0.3538
123,0.3539
123,0.3541
123,0.3542
123,0.3544
123,0.3545
123,0.3547
123,0.3549
123,0.3551
123,0.3553
123,0.3554
123,0.3556
123,0.3557
123,0.3558
123,0.3560
123,0.3561
123,0.3563
123,0.3564
123,0.3566
123,0.3567
123,0.3568
123,0.3570
123,0.3571
123,0.3573
123,0.3574
123,0.3576
123,0.3577
123,0.3579
123,0.3580
123,0.3582
123,0.3583
123,0.3585
123,0.3586
123,0.3588
123,0.3589
123,0.3590
123,0.3592
123,0.3593
123,0.3595
123,0.3596
123,0.3598
123,0.3599
123,0.3601
123,0.3602
123,0.3604
123,0.3605
123,0.3607
123,0.3608
123,0.3610
123,0.3612
123,0.3613
123,0.3615
123,0.3616
123,0.3618
123,0.3619
123,0.3621
123,0.3623
123,0.3624
123,0.3626
123,0.3627
123,0.3629
123,0.3630
123,0.3631
123,0.3633
123,0.3634
123,0.3636
123,0.3638
123,0.3639
123,0.3640
123,0.3642
123,0.3643
123,0.3645
123,0.3646
123,0.3648
123,0.3649
123,0.3651
123,0.3652
123,0.3654
123,0.3655
123,0.3656
123,0.3658
123,0.3659
123,0.3661
123,0.3662
123,0.3664
123,0.3665
123,0.3667
123,0.3668
123,0.3669
123,0.3671
123,0.3672
123,0.3674
123,0.3675
123,0.3677
123,0.3678
123,0.3680
123,0.3681
123,0.3683
123,0.3684
123,0.3685
123,0.3687
123,0.3688
123,0.3690
123,0.3691
123,0.3693
123,0.3694
123,0.3695
123,0.3697
123,0.3698
123,0.3700
123,0.3701
123,0.3702
123,0.3704
123,0.3706
123,0.3707
123,0.3708
123,0.3710
123,0.3711
123,0.3713
123,0.3714
123,0.3715
123,0.3717
123,0.3718
123,0.3720
123,0.3721
123,0.3723
123,0.3724
123,0.3725
123,0.3727
123,0.3728
123,0.3730
123,0.3731
123,0.3732
123,0.3734
123,0.3735
123,0.3737
123,0.3738
123,0.3739
123,0.3741
123,0.3742
123,0.3744
123,0.3745
123,0.3747
123,0.3748
123,0.3749
123,0.3751
123,0.3752
123,0.3754
123,0.3755
123,0.3756
123,0.3758
123,0.3759
123,0.3761
123,0.3762
123,0.3764
123,0.3765
123,0.3766
123,0.3768
123,0.3769
123,0.3770
123,0.3772
123,0.3774
123,0.3775
123,0.3776
123,0.3778
123,0.3779
123,0.3781
123,0.3782
123,0.3784
123,0.3785
123,0.3787
123,0.3788
123,0.3790
123,0.3791
123,0.3793
123,0.3794
123,0.3796
123,0.3797
123,0.3799
123,0.3800
123,0.3801
123,0.3803
123,0.3804
123,0.3806
123,0.3807
123,0.3809
123,0.3810
123,0.3812
123,0.3814
123,0.3816
123,0.3817
123,0.3819
123,0.3820
123,0.3822
123,0.3823
123,0.3825
123,0.3827
123,0.3828
123,0.3830
123,0.3831
123,0.3833
123,0.3834
123,0.3836
123,0.3838
123,0.3839
123,0.3841
123,0.3842
123,0.3844
123,0.3845
123,0.3846
123,0.3848
123,0.3849
123,0.3851
123,0.3852
123,0.3854
123,0.3855
123,0.3857
123,0.3858
123,0.3860
123,0.3861
123,0.3863
123,0.3864
123,0.3866
123,0.3867
123,0.3868
123,0.3870
123,0.3871
123,0.3873
123,0.3874
123,0.3875
123,0.3877
123,0.3878
123,0.3880
123,0.3881
123,0.3883
123,0.3884
123,0.3886
123,0.3887
123,0.3889
123,0.3890
123,0.3892
123,0.3894
123,0.3895
123,0.3896
123,0.3898
123,0.3900
123,0.3902
123,0.3903
123,0.3905
123,0.3907
123,0.3908
123,0.3910
123,0.3911
123,0.3913
123,0.3914
123,0.3915
123,0.3917
123,0.3918
123,0.3920
123,0.3921
123,0.3923
123,0.3924
123,0.3926
123,0.3927
123,0.3928
123,0.3930
123,0.3931
123,0.3933
123,0.3934
123,0.3935
123,0.3937
123,0.3938
123,0.3939
123,0.3941
123,0.3942
123,0.3944
123,0.3945
123,0.3947
123,0.3948
123,0.3950
123,0.3952
123,0.3953
123,0.3955
123,0.3956
123,0.3958
123,0.3959
123,0.3961
123,0.3962
123,0.3964
123,0.3965
123,0.3967
123,0.3969
123,0.3971
123,0.3973
123,0.3975
123,0.3976
123,0.3978
123,0.3980
123,0.3982
123,0.3983
123,0.3985
123,0.3986
123,0.3988
123,0.3989
123,0.3991
123,0.3993
123,0.3994
123,0.3996
123,0.3998
123,0.3999
123,0.4001
123,0.4003
123,0.4005
123,0.4007
123,0.4008
123,0.4010
123,0.4012
123,0.4014
123,0.4015
123,0.4017
123,0.4018
123,0.4020
123,0.4021
123,0.4023
123,0.4024
123,0.4026
123,0.4027
123,0.4029
123,0.4030
123,0.4032
123,0.4033
123,0.4035
123,0.4036
123,0.4038
123,0.4039
123,0.4041
123,0.4042
123,0.4043
123,0.4045
123,0.4047
123,0.4048
123,0.4050
123,0.4051
123,0.4052
123,0.4054
123,0.4055
123,0.4057
123,0.4059
123,0.4060
123,0.4062
123,0.4063
123,0.4064
123,0.4066
123,0.4067
123,0.4068
123,0.4070
123,0.4072
123,0.4073
123,0.4074
123,0.4076
123,0.4077
123,0.4079
123,0.4080
123,0.4081
123,0.4083
123,0.4084
123,0.4085
123,0.4087
123,0.4088
123,0.4090
123,0.4091
123,0.4093
123,0.4094
123,0.4095
123,0.4097
123,0.4098
123,0.4100
123,0.4101
123,0.4103
123,0.4104
123,0.4105
123,0.4107
123,0.4108
123,0.4110
123,0.4111
123,0.4113
123,0.4114
123,0.4116
123,0.4117
123,0.4119
123,0.4120
123,0.4122
123,0.4123
123,0.4124
123,0.4126
123,0.4127
123,0.4129
123,0.4130
123,0.4132
123,0.4133
123,0.4135
123,0.4136
123,0.4137
123,0.4139
123,0.4141
123,0.4142
123,0.4143
123,0.4145
123,0.4147
123,0.4148
123,0.4150
123,0.4151
123,0.4152
123,0.4154
123,0.4156
123,0.4157
123,0.4159
123,0.4160
123,0.4162
123,0.4163
123,0.4164
123,0.4166
123,0.4167
123,0.4169
123,0.4171
123,0.4172
123,0.4174
123,0.4176
123,0.4178
123,0.4180
123,0.4181
123,0.4183
123,0.4185
123,0.4186
123,0.4188
123,0.4190
123,0.4192
123,0.4193
123,0.4195
123,0.4197
123,0.4198
123,0.4200
123,0.4201
123,0.4203
123,0.4204
123,0.4206
123,0.4207
123,0.4209
123,0.4210
123,0.4212
123,0.4213
123,0.4215
123,0.4216
123,0.4217
123,0.4219
123,0.4221
123,0.4222
123,0.4224
123,0.4225
123,0.4227
123,0.4228
123,0.4230
123,0.4232
123,0.4233
123,0.4234
123,0.4236
123,0.4237
123,0.4239
123,0.4240
123,0.4242
123,0.4244
123,0.4246
123,0.4247
123,0.4249
123,0.4250
123,0.4251
123,0.4253
123,0.4254
123,0.4256
123,0.4257
123,0.4259
123,0.4260
123,0.4262
123,0.4263
123,0.4265
123,0.4266
123,0.4268
123,0.4269
123,0.4271
123,0.4273
123,0.4274
123,0.4275
123,0.4277
123,0.4279
123,0.4280
123,0.4282
123,0.4284
123,0.4286
123,0.4287
123,0.4289
123,0.4291
123,0.4293
123,0.4295
123,0.4296
123,0.4298
123,0.4300
123,0.4301
123,0.4303
123,0.4305
123,0.4306
123,0.4308
123,0.4310
123,0.4311
123,0.4313
123,0.4315
123,0.4317
123,0.4319
123,0.4320
123,0.4322
123,0.4324
123,0.4325
123,0.4327
123,0.4328
123,0.4330
123,0.4331
123,0.4333
123,0.4334
123,0.4336
123,0.4337
123,0.4339
123,0.4341
123,0.4342
123,0.4344
123,0.4345
123,0.4347
123,0.4348
123,0.4350
123,0.4351
123,0.4353
123,0.4354
123,0.4355
123,0.4357
123,0.4358
123,0.4360
123,0.4361
123,0.4363
123,0.4364
123,0.4366
123,0.4367
123,0.4369
123,0.4370
123,0.4371
123,0.4373
123,0.4374
123,0.4376
123,0.4378
123,0.4379
123,0.4381
123,0.4382
123,0.4384
123,0.4385
123,0.4387
123,0.4388
123,0.4390
123,0.4391
123,0.4393
123,0.4395
123,0.4396
123,0.4398
123,0.4400
123,0.4402
123,0.4404
123,0.4405
123,0.4407
123,0.4409
123,0.4411
123,0.4412
123,0.4414
123,0.4416
123,0.4417
123,0.4419
123,0.4421
123,0.4422
123,0.4424
123,0.4425
123,0.4427
123,0.4429
123,0.4431
123,0.4433
123,0.4435
123,0.4437
123,0.4438
123,0.4440
123,0.4441
123,0.4443
123,0.4445
123,0.4446
123,0.4448
123,0.4449
123,0.4451
123,0.4452
123,0.4454
123,0.4455
123,0.4457
123,0.4459
123,0.4460
123,0.4462
123,0.4463
123,0.4465
123,0.4467
123,0.4468
123,0.4469
123,0.4471
123,0.4472
123,0.4474
123,0.4475
123,0.4477
123,0.4479
123,0.4480
123,0.4481
123,0.4483
123,0.4484
123,0.4486
123,0.4488
123,0.4489
123,0.4491
123,0.4493
123,0.4495
123,0.4497
123,0.4499
123,0.4500
123,0.4502
123,0.4503
123,0.4505
123,0.4507
123,0.4508
123,0.4510
123,0.4511
123,0.4513
123,0.4515
123,0.4516
123,0.4518
123,0.4519
123,0.4521
123,0.4522
123,0.4524
123,0.4526
123,0.4528
123,0.4529
123,0.4530
123,0.4532
123,0.4534
123,0.4535
123,0.4537
123,0.4539
123,0.4540
123,0.4542
123,0.4543
123,0.4545
123,0.4546
123,0.4548
123,0.4549
123,0.4551
123,0.4552
123,0.4553
123,0.4555
123,0.4556
123,0.4558
123,0.4559
123,0.4561
123,0.4562
123,0.4564
123,0.4565
123,0.4567
123,0.4568
123,0.4570
123,0.4571
123,0.4573
123,0.4574
123,0.4576
123,0.4577
123,0.4579
123,0.4580
123,0.4582
123,0.4583
123,0.4584
123,0.4586
123,0.4587
123,0.4589
123,0.4590
123,0.4592
123,0.4593
123,0.4595
123,0.4596
123,0.4598
123,0.4599
123,0.4600
123,0.4602
123,0.4603
123,0.4605
123,0.4606
123,0.4607
123,0.4609
123,0.4610
123,0.4612
123,0.4613
123,0.4615
123,0.4616
123,0.4617
123,0.4619
123,0.4620
123,0.4622
123,0.4623
123,0.4625
123,0.4627
123,0.4628
123,0.4629
123,0.4631
123,0.4632
123,0.4634
123,0.4636
123,0.4637
123,0.4639
123,0.4641
123,0.4643
123,0.4644
123,0.4646
123,0.4647
123,0.4649
123,0.4650
123,0.4652
123,0.4654
123,0.4655
123,0.4657
123,0.4658
123,0.4660
123,0.4662
123,0.4663
123,0.4665
123,0.4666
123,0.4668
123,0.4670
123,0.4672
123,0.4673
123,0.4675
123,0.4677
123,0.4679
123,0.4681
123,0.4682
123,0.4684
123,0.4686
123,0.4687
123,0.4689
123,0.4691
123,0.4692
123,0.4694
123,0.4696
123,0.4698
123,0.4699
123,0.4701
123,0.4703
123,0.4705
123,0.4707
123,0.4708
123,0.4710
123,0.4711
123,0.4713
123,0.4714
123,0.4716
123,0.4717
123,0.4719
123,0.4720
123,0.4722
123,0.4723
123,0.4725
123,0.4726
123,0.4728
123,0.4729
123,0.4731
123,0.4732
123,0.4734
123,0.4735
123,0.4737
123,0.4738
123,0.4739
123,0.4741
123,0.4742
123,0.4744
123,0.4745
123,0.4747
123,0.4748
123,0.4750
123,0.4751
123,0.4753
123,0.4754
123,0.4756
123,0.4757
123,0.4759
123,0.4760
123,0.4762
123,0.4764
123,0.4765
123,0.4766
123,0.4768
123,0.4769
123,0.4771
123,0.4772
123,0.4774
123,0.4775
123,0.4776
123,0.4778
123,0.4779
123,0.4781
123,0.4782
123,0.4784
123,0.4786
123,0.4787
123,0.4788
123,0.4790
123,0.4791
123,0.4793
123,0.4794
123,0.4795
123,0.4797
123,0.4798
123,0.4799
123,0.4801
123,0.4802
123,0.4804
123,0.4805
123,0.4807
123,0.4809
123,0.4810
123,0.4812
123,0.4814
123,0.4815
123,0.4817
123,0.4818
123,0.4820
123,0.4821
123,0.4823
123,0.4824
123,0.4826
123,0.4827
123,0.4829
123,0.4830
123,0.4832
123,0.4833
123,0.4835
123,0.4836
123,0.4838
123,0.4840
123,0.4842
123,0.4844
123,0.4845
123,0.4847
123,0.4849
123,0.4851
123,0.4853
123,0.4855
123,0.4856
123,0.4858
123,0.4860
123,0.4862
123,0.4863
123,0.4865
123,0.4866
123,0.4868
123,0.4869
123,0.4871
123,0.4872
123,0.4874
123,0.4876
123,0.4877
123,0.4880
123,0.4881
123,0.4883
123,0.4884
123,0.4886
123,0.4888
123,0.4889
123,0.4891
123,0.4893
123,0.4894
123,0.4896
123,0.4897
123,0.4899
123,0.4901
123,0.4902
123,0.4904
123,0.4905
123,0.4907
123,0.4908
123,0.4910
123,0.4911
123,0.4913
123,0.4914
123,0.4916
123,0.4917
123,0.4919
123,0.4921
123,0.4923
123,0.4924
123,0.4925
123,0.4927
123,0.4928
123,0.4929
123,0.4931
123,0.4933
123,0.4934
123,0.4936
123,0.4937
123,0.4939
123,0.4940
123,0.4942
123,0.4944
123,0.4945
123,0.4947
123,0.4949
123,0.4950
123,0.4952
123,0.4954
123,0.4956
123,0.4957
123,0.4959
123,0.4960
123,0.4962
123,0.4963
123,0.4964
123,0.4966
123,0.4967
123,0.4968
123,0.4970
123,0.4972
123,0.4974
123,0.4975
123,0.4977
123,0.4979
123,0.4980
123,0.4982
123,0.4984
123,0.4985
123,0.4987
123,0.4989
123,0.4990
123,0.4992
123,0.4994
123,0.4995
123,0.4996
123,0.4998
123,0.5000
123,0.5002
123,0.5003
123,0.5005
123,0.5007
123,0.5009
123,0.5011
123,0.5012
123,0.5015
123,0.5016
123,0.5018
123,0.5020
123,0.5021
123,0.5023
123,0.5025
123,0.5026
123,0.5028
123,0.5029
123,0.5031
123,0.5032
123,0.5034
123,0.5035
123,0.5037
123,0.5038
123,0.5039
123,0.5041
123,0.5042
123,0.5044
123,0.5045
123,0.5047
123,0.5048
123,0.5050
123,0.5051
123,0.5053
123,0.5054
123,0.5056
123,0.5057
123,0.5058
123,0.5060
123,0.5061
123,0.5063
123,0.5064
123,0.5066
123,0.5067
123,0.5068
123,0.5070
123,0.5071
123,0.5072
123,0.5074
123,0.5075
123,0.5077
123,0.5078
123,0.5080
123,0.5081
123,0.5083
123,0.5084
123,0.5085
123,0.5087
123,0.5088
123,0.5090
123,0.5091
123,0.5092
123,0.5094
123,0.5095
123,0.5096
123,0.5098
123,0.5099
123,0.5101
123,0.5102
123,0.5104
123,0.5105
123,0.5107
123,0.5109
123,0.5111
123,0.5112
123,0.5114
123,0.5115
123,0.5117
123,0.5119
123,0.5120
123,0.5122
123,0.5123
123,0.5125
123,0.5126
123,0.5128
123,0.5129
123,0.5131
123,0.5132
123,0.5134
123,0.5135
123,0.5137
123,0.5138
123,0.5140
123,0.5141
123,0.5142
123,0.5144
123,0.5145
123,0.5147
123,0.5148
123,0.5149
123,0.5151
123,0.5153
123,0.5154
123,0.5155
123,0.5157
123,0.5158
123,0.5160
123,0.5161
123,0.5163
123,0.5165
123,0.5166
123,0.5167
123,0.5169
123,0.5170
123,0.5171
123,0.5173
123,0.5175
123,0.5176
123,0.5177
123,0.5179
123,0.5180
123,0.5181
123,0.5183
123,0.5184
123,0.5186
123,0.5187
123,0.5189
123,0.5190
123,0.5191
123,0.5193
123,0.5194
123,0.5196
123,0.5197
123,0.5199
123,0.5201
123,0.5202
123,0.5204
123,0.5205
123,0.5207
123,0.5208
123,0.5210
123,0.5212
123,0.5214
123,0.5216
123,0.5217
123,0.5219
123,0.5220
123,0.5222
123,0.5224
123,0.5225
123,0.5227
123,0.5228
123,0.5230
123,0.5231
123,0.5233
123,0.5234
123,0.5236
123,0.5237
123,0.5239
123,0.5241
123,0.5242
123,0.5244
123,0.5245
123,0.5247
123,0.5249
123,0.5251
123,0.5252
123,0.5254
123,0.5256
123,0.5257
123,0.5259
123,0.5260
123,0.5262
123,0.5263
123,0.5265
123,0.5266
123,0.5268
123,0.5269
123,0.5271
123,0.5272
123,0.5273
123,0.5275
123,0.5276
123,0.5278
123,0.5280
123,0.5281
123,0.5283
123,0.5284
123,0.5286
123,0.5288
123,0.5290
123,0.5292
123,0.5293
123,0.5295
123,0.5297
123,0.5298
123,0.5300
123,0.5301
123,0.5302
123,0.5304
123,0.5305
123,0.5307
123,0.5308
123,0.5309
123,0.5311
123,0.5312
123,0.5314
123,0.5315
123,0.5316
123,0.5318
123,0.5319
123,0.5320
123,0.5322
123,0.5323
123,0.5325
123,0.5326
123,0.5328
123,0.5329
123,0.5331
123,0.5332
123,0.5333
123,0.5335
123,0.5336
123,0.5337
123,0.5339
123,0.5340
123,0.5342
123,0.5343
123,0.5344
123,0.5346
123,0.5347
123,0.5349
123,0.5350
123,0.5352
123,0.5353
123,0.5354
123,0.5356
123,0.5357
123,0.5358
123,0.5360
123,0.5361
123,0.5362
123,0.5364
123,0.5365
123,0.5367
123,0.5368
123,0.5369
123,0.5371
123,0.5372
123,0.5373
123,0.5375
123,0.5376
123,0.5377
123,0.5379
123,0.5380
123,0.5381
123,0.5383
123,0.5384
123,0.5386
123,0.5387
123,0.5388
123,0.5389
123,0.5391
123,0.5393
123,0.5394
123,0.5395
123,0.5397
123,0.5398
123,0.5400
123,0.5401
123,0.5403
123,0.5404
123,0.5405
123,0.5407
123,0.5408
123,0.5410
123,0.5411
123,0.5412
123,0.5414
123,0.5415
123,0.5417
123,0.5418
123,0.5420
123,0.5421
123,0.5423
123,0.5424
123,0.5425
123,0.5426
123,0.5428
123,0.5429
123,0.5431
131,0.5432
131,0.5433
131,0.5435
131,0.5436
131,0.5438
131,0.5439
131,0.5441
131,0.5442
131,0.5443
131,0.5445
131,0.5446
131,0.5448
131,0.5449
131,0.5451
131,0.5452
131,0.5454
131,0.5455
131,0.5457
131,0.5458
131,0.5460
131,0.5461
131,0.5462
131,0.5464
131,0.5465
131,0.5467
131,0.5468
131,0.5469
131,0.5471
131,0.5472
131,0.5474
131,0.5475
131,0.5476
131,0.5478
131,0.5479
131,0.5481
131,0.5482
131,0.5484
131,0.5485
131,0.5486
131,0.5488
131,0.5489
131,0.5491
131,0.5493
131,0.5495
131,0.5497
131,0.5499
131,0.5501
131,0.5502
131,0.5504
131,0.5506
131,0.5508
131,0.5510
131,0.5511
131,0.5513
131,0.5515
131,0.5517
131,0.5518
131,0.5519
131,0.5521
131,0.5523
131,0.5524
131,0.5526
131,0.5527
131,0.5529
131,0.5530
131,0.5531
131,0.5533
131,0.5534
131,0.5536
131,0.5537
131,0.5539
131,0.5540
131,0.5541
131,0.5543
131,0.5544
131,0.5546
131,0.5547
131,0.5549
131,0.5550
131,0.5551
131,0.5553
131,0.5554
131,0.5556
131,0.5557
131,0.5559
131,0.5560
131,0.5561
131,0.5563
131,0.5564
131,0.5566
131,0.5567
131,0.5569
131,0.5570
131,0.5572
131,0.5573
131,0.5575
131,0.5576
131,0.5578
131,0.5579
131,0.5581
131,0.5582
131,0.5583
131,0.5585
131,0.5586
131,0.5588
131,0.5589
131,0.5591
131,0.5592
131,0.5593
131,0.5595
131,0.5596
131,0.5598
131,0.5599
131,0.5600
131,0.5602
131,0.5603
131,0.5605
131,0.5606
131,0.5608
131,0.5609
131,0.5611
131,0.5612
131,0.5613
131,0.5615
131,0.5616
131,0.5617
131,0.5619
131,0.5620
131,0.5621
131,0.5623
131,0.5624
131,0.5626
131,0.5627
131,0.5629
131,0.5630
131,0.5632
131,0.5633
131,0.5634
131,0.5636
131,0.5637
131,0.5638
131,0.5640
131,0.5641
131,0.5643
131,0.5644
131,0.5645
131,0.5647
131,0.5648
131,0.5650
131,0.5651
131,0.5653
131,0.5655
131,0.5656
131,0.5658
131,0.5659
131,0.5661
131,0.5663
131,0.5665
131,0.5666
131,0.5668
131,0.5669
131,0.5670
131,0.5672
131,0.5674
131,0.5676
131,0.5677
131,0.5679
131,0.5680
131,0.5682
131,0.5683
131,0.5685
131,0.5687
131,0.5688
131,0.5690
131,0.5692
131,0.5693
131,0.5695
131,0.5696
131,0.5698
131,0.5700
131,0.5702
131,0.5703
131,0.5704
131,0.5706
131,0.5707
131,0.5709
131,0.5711
131,0.5712
131,0.5714
131,0.5715
131,0.5717
131,0.5719
131,0.5720
131,0.5721
131,0.5722
131,0.5724
131,0.5725
131,0.5727
131,0.5728
131,0.5729
131,0.5731
131,0.5732
131,0.5734
131,0.5735
131,0.5737
131,0.5738
131,0.5740
131,0.5741
131,0.5743
131,0.5744
131,0.5745
131,0.5747
131,0.5748
131,0.5750
131,0.5751
131,0.5753
131,0.5755
131,0.5756
131,0.5757
131,0.5759
131,0.5760
131,0.5762
131,0.5763
131,0.5765
131,0.5767
131,0.5769
131,0.5770
131,0.5772
131,0.5774
131,0.5776
131,0.5777
131,0.5779
131,0.5781
131,0.5782
131,0.5784
131,0.5785
131,0.5787
131,0.5788
131,0.5789
131,0.5791
131,0.5792
131,0.5794
131,0.5795
131,0.5797
131,0.5798
131,0.5800
131,0.5802
131,0.5804
131,0.5806
131,0.5807
131,0.5809
131,0.5810
131,0.5812
131,0.5813
131,0.5815
131,0.5816
131,0.5818
131,0.5820
133,0.5821
133,0.5823
133,0.5825
133,0.5826
133,0.5827
133,0.5829
133,0.5830
133,0.5831
133,0.5833
133,0.5834
133,0.5836
133,0.5838
133,0.5839
133,0.5841
133,0.5842
133,0.5844
133,0.5846
133,0.5847
133,0.5849
133,0.5850
133,0.5851
133,0.5853
133,0.5854
133,0.5856
133,0.5858
133,0.5859
133,0.5861
133,0.5862
133,0.5864
133,0.5866
133,0.5868
133,0.5869
133,0.5871
133,0.5872
133,0.5874
133,0.5875
133,0.5877
133,0.5878
133,0.5879
133,0.5881
133,0.5882
133,0.5884
133,0.5885
133,0.5887
133,0.5888
133,0.5890
133,0.5891
133,0.5892
133,0.5894
133,0.5895
133,0.5897
133,0.5898
136,0.5899
136,0.5901
136,0.5902
136,0.5904
136,0.5905
136,0.5907
136,0.5909
136,0.5911
136,0.5912
136,0.5914
136,0.5916
136,0.5917
136,0.5919
136,0.5921
136,0.5922
136,0.5923
136,0.5925
136,0.5927
136,0.5928
136,0.5929
136,0.5931
136,0.5933
136,0.5934
136,0.5935
136,0.5937
136,0.5938
136,0.5940
136,0.5941
136,0.5943
136,0.5944
136,0.5946
136,0.5947
136,0.5949
136,0.5950
136,0.5952
136,0.5953
136,0.5954
136,0.5956
136,0.5958
136,0.5959
136,0.5961
136,0.5962
136,0.5964
136,0.5965
136,0.5966
136,0.5968
136,0.5969
136,0.5971
136,0.5972
136,0.5974
136,0.5975
136,0.5977
136,0.5978
136,0.5980
136,0.5981
136,0.5983
136,0.5984
136,0.5986
136,0.5988
136,0.5990
136,0.5991
136,0.5993
136,0.5995
136,0.5996
136,0.5998
136,0.5999
136,0.6001
136,0.6002
136,0.6003
136,0.6005
136,0.6006
136,0.6007
136,0.6009
136,0.6010
136,0.6012
136,0.6013
136,0.6015
136,0.6016
136,0.6018
136,0.6019
136,0.6021
136,0.6022
136,0.6024
136,0.6025
136,0.6027
136,0.6028
136,0.6030
136,0.6031
136,0.6033
136,0.6034
136,0.6036
136,0.6037
136,0.6039
136,0.6040
136,0.6042
136,0.6044
136,0.6045
136,0.6047
136,0.6049
136,0.6050
136,0.6052
136,0.6053
136,0.6055
136,0.6056
136,0.6058
136,0.6060
136,0.6062
136,0.6064
136,0.6066
136,0.6067
136,0.6069
136,0.6070
136,0.6071
136,0.6073
136,0.6075
136,0.6076
136,0.6078
136,0.6080
136,0.6081
136,0.6083
136,0.6085
136,0.6087
136,0.6089
136,0.6090
136,0.6092
136,0.6093
136,0.6095
136,0.6097
136,0.6099
136,0.6101
136,0.6102
136,0.6104
136,0.6105
136,0.6107
136,0.6108
136,0.6110
136,0.6111
136,0.6113
136,0.6114
136,0.6116
136,0.6118
136,0.6120
136,0.6122
136,0.6123
136,0.6125
136,0.6126
136,0.6128
136,0.6129
136,0.6131
136,0.6133
136,0.6134
136,0.6136
136,0.6137
136,0.6139
136,0.6140
136,0.6142
136,0.6144
136,0.6145
136,0.6147
136,0.6148
136,0.6150
136,0.6151
136,0.6153
136,0.6155
136,0.6157
136,0.6159
136,0.6160
136,0.6161
136,0.6163
136,0.6164
136,0.6166
136,0.6167
144,0.6169
144,0.6171
144,0.6172
144,0.6174
144,0.6176
144,0.6178
144,0.6180
144,0.6181
144,0.6183
144,0.6185
144,0.6187
144,0.6189
144,0.6190
144,0.6192
144,0.6194
144,0.6195
144,0.6196
144,0.6198
144,0.6199
144,0.6201
144,0.6202
144,0.6204
144,0.6205
144,0.6207
144,0.6208
144,0.6210
144,0.6211
144,0.6213
144,0.6214
144,0.6216
144,0.6218
144,0.6220
144,0.6221
144,0.6223
144,0.6224
144,0.6226
144,0.6227
144,0.6229
144,0.6231
144,0.6232
144,0.6234
144,0.6235
144,0.6237
144,0.6239
144,0.6240
144,0.6242
144,0.6243
144,0.6245
144,0.6247
144,0.6248
144,0.6250
144,0.6252
144,0.6253
144,0.6255
144,0.6257
144,0.6258
144,0.6260
144,0.6261
144,0.6263
144,0.6264
144,0.6266
144,0.6267
144,0.6269
144,0.6270
144,0.6272
144,0.6274
144,0.6276
144,0.6278
144,0.6279
144,0.6281
144,0.6282
144,0.6284
144,0.6285
144,0.6287
144,0.6288
144,0.6289
144,0.6291
144,0.6292
144,0.6294
144,0.6295
144,0.6297
144,0.6298
144,0.6300
144,0.6301
144,0.6303
144,0.6304
144,0.6305
144,0.6307
144,0.6308
144,0.6310
144,0.6311
144,0.6312
144,0.6314
144,0.6315
144,0.6316
144,0.6318
144,0.6319
144,0.6321
144,0.6322
144,0.6324
144,0.6325
144,0.6327
144,0.6328
144,0.6330
144,0.6331
144,0.6332
144,0.6334
144,0.6335
144,0.6337
144,0.6338
144,0.6340
144,0.6341
144,0.6342
144,0.6344
144,0.6345
144,0.6346
144,0.6348
144,0.6349
144,0.6351
144,0.6352
144,0.6353
144,0.6355
144,0.6356
144,0.6358
144,0.6359
144,0.6361
144,0.6362
144,0.6363
144,0.6365
144,0.6366
144,0.6368
144,0.6369
144,0.6371
144,0.6372
144,0.6374
144,0.6376
144,0.6377
144,0.6379
144,0.6380
144,0.6381
144,0.6383
144,0.6385
144,0.6386
144,0.6388
144,0.6389
144,0.6391
144,0.6392
144,0.6393
144,0.6395
144,0.6397
144,0.6398
144,0.6399
144,0.6401
144,0.6402
144,0.6404
144,0.6405
144,0.6407
144,0.6408
144,0.6410
144,0.6411
144,0.6413
144,0.6414
144,0.6416
144,0.6417
144,0.6419
144,0.6420
144,0.6422
144,0.6423
144,0.6425
144,0.6426
144,0.6428
144,0.6429
144,0.6431
144,0.6432
144,0.6434
144,0.6435
144,0.6437
144,0.6438
144,0.6439
144,0.6441
144,0.6442
144,0.6444
144,0.6445
144,0.6447
144,0.6448
144,0.6450
144,0.6452
144,0.6453
144,0.6454
144,0.6456
144,0.6457
144,0.6459
144,0.6460
144,0.6462
144,0.6464
144,0.6465
144,0.6467
144,0.6468
144,0.6469
144,0.6471
144,0.6473
144,0.6474
144,0.6476
144,0.6477
144,0.6479
144,0.6481
144,0.6483
144,0.6485
144,0.6487
144,0.6489
144,0.6491
144,0.6492
144,0.6494
144,0.6496
144,0.6498
144,0.6499
144,0.6501
144,0.6503
144,0.6504
144,0.6506
144,0.6507
144,0.6509
144,0.6511
144,0.6513
144,0.6515
144,0.6516
144,0.6518
144,0.6520
144,0.6521
144,0.6523
144,0.6524
144,0.6526
144,0.6527
144,0.6529
144,0.6530
144,0.6532
144,0.6534
144,0.6535
144,0.6537
144,0.6539
144,0.6540
144,0.6543
144,0.6545
144,0.6547
144,0.6549
144,0.6551
144,0.6552
144,0.6554
144,0.6556
144,0.6558
144,0.6560
144,0.6562
144,0.6564
144,0.6566
144,0.6568
144,0.6570
144,0.6572
144,0.6573
144,0.6575
144,0.6577
144,0.6579
144,0.6580
144,0.6582
144,0.6584
144,0.6586
144,0.6588
144,0.6590
144,0.6591
144,0.6593
144,0.6595
144,0.6597
144,0.6598
144,0.6600
144,0.6602
144,0.6603
144,0.6605
144,0.6606
144,0.6608
144,0.6610
144,0.6611
144,0.6613
144,0.6614
144,0.6616
144,0.6618
144,0.6619
144,0.6621
144,0.6622
144,0.6624
144,0.6625
144,0.6627
144,0.6628
144,0.6630
144,0.6631
144,0.6633
144,0.6635
144,0.6636
144,0.6638
144,0.6639
144,0.6641
144,0.6642
144,0.6644
144,0.6645
144,0.6647
144,0.6648
144,0.6650
144,0.6651
144,0.6653
144,0.6654
144,0.6656
144,0.6657
144,0.6659
144,0.6661
144,0.6663
144,0.6665
144,0.6666
144,0.6668
144,0.6670
144,0.6672
144,0.6673
144,0.6675
144,0.6677
144,0.6678
144,0.6680
144,0.6682
144,0.6683
144,0.6685
144,0.6686
144,0.6688
144,0.6689
144,0.6691
144,0.6692
144,0.6693
144,0.6695
144,0.6696
144,0.6698
144,0.6699
144,0.6701
144,0.6702
144,0.6704
144,0.6705
144,0.6707
144,0.6708
144,0.6710
144,0.6711
144,0.6713
144,0.6715
144,0.6716
144,0.6718
144,0.6719
144,0.6721
144,0.6722
144,0.6724
144,0.6725
144,0.6727
144,0.6728
144,0.6730
144,0.6731
144,0.6733
144,0.6734
144,0.6735
144,0.6737
144,0.6738
144,0.6740
144,0.6741
144,0.6743
144,0.6744
144,0.6745
144,0.6747
144,0.6748
144,0.6750
144,0.6751
144,0.6753
144,0.6754
144,0.6755
144,0.6757
144,0.6758
144,0.6760
144,0.6761
144,0.6762
144,0.6764
144,0.6765
144,0.6767
144,0.6768
144,0.6770
144,0.6772
144,0.6773
144,0.6775
144,0.6776
144,0.6777
144,0.6779
144,0.6780
144,0.6781
144,0.6783
144,0.6784
144,0.6786
144,0.6787
144,0.6788
144,0.6790
144,0.6791
144,0.6793
144,0.6794
144,0.6795
144,0.6797
144,0.6798
144,0.6800
144,0.6801
144,0.6803
144,0.6804
144,0.6805
144,0.6807
144,0.6808
144,0.6810
144,0.6811
144,0.6813
144,0.6814
144,0.6816
144,0.6817
144,0.6818
144,0.6820
144,0.6821
144,0.6823
144,0.6824
144,0.6826
144,0.6827
144,0.6829
144,0.6830
144,0.6832
144,0.6834
144,0.6836
144,0.6837
144,0.6839
144,0.6840
144,0.6842
144,0.6843
144,0.6844
144,0.6846
144,0.6847
144,0.6849
144,0.6850
144,0.6852
144,0.6853
144,0.6855
144,0.6856
144,0.6857
144,0.6859
144,0.6860
144,0.6862
144,0.6863
144,0.6865
144,0.6866
144,0.6868
144,0.6869
144,0.6871
144,0.6872
144,0.6873
144,0.6875
144,0.6876
144,0.6877
144,0.6879
144,0.6881
144,0.6882
144,0.6883
144,0.6885
144,0.6886
144,0.6888
144,0.6889
144,0.6891
144,0.6892
144,0.6894
144,0.6895
144,0.6897
144,0.6898
144,0.6900
144,0.6901
144,0.6903
144,0.6904
144,0.6906
144,0.6907
144,0.6909
144,0.6910
144,0.6912
144,0.6913
144,0.6915
144,0.6916
144,0.6918
144,0.6919
144,0.6921
144,0.6922
144,0.6924
144,0.6925
144,0.6927
144,0.6928
144,0.6930
144,0.6931
144,0.6933
144,0.6934
144,0.6935
144,0.6937
144,0.6938
144,0.6939
144,0.6941
144,0.6942
144,0.6943
144,0.6945
144,0.6946
144,0.6948
144,0.6949
144,0.6950
144,0.6952
144,0.6953
144,0.6955
144,0.6956
144,0.6958
144,0.6959
144,0.6961
144,0.6963
144,0.6964
144,0.6965
144,0.6967
144,0.6968
144,0.6970
144,0.6971
144,0.6973
144,0.6975
144,0.6976
144,0.6978
144,0.6980
144,0.6982
144,0.6983
144,0.6985
144,0.6986
144,0.6988
144,0.6989
144,0.6991
144,0.6993
144,0.6995
144,0.6996
144,0.6998
144,0.6999
144,0.7000
144,0.7002
144,0.7003
144,0.7005
144,0.7006
144,0.7008
144,0.7009
144,0.7011
144,0.7013
144,0.7014
144,0.7016
144,0.7017
144,0.7018
144,0.7020
144,0.7022
144,0.7023
144,0.7024
144,0.7026
144,0.7027
144,0.7029
144,0.7030
144,0.7032
144,0.7033
144,0.7034
144,0.7036
144,0.7037
144,0.7039
144,0.7040
144,0.7042
144,0.7043
144,0.7044
144,0.7046
144,0.7048
144,0.7049
144,0.7051
144,0.7053
144,0.7054
144,0.7056
144,0.7058
144,0.7059
144,0.7061
144,0.7062
144,0.7064
144,0.7065
144,0.7067
144,0.7068
144,0.7070
144,0.7071
144,0.7072
144,0.7074
144,0.7075
144,0.7077
144,0.7078
144,0.7079
144,0.7081
144,0.7082
144,0.7084
144,0.7085
144,0.7087
144,0.7088
144,0.7090
144,0.7091
144,0.7093
144,0.7094
144,0.7095
144,0.7097
144,0.7099
144,0.7100
144,0.7102
144,0.7103
144,0.7105
144,0.7106
144,0.7107
144,0.7109
144,0.7110
144,0.7112
144,0.7114
144,0.7116
144,0.7117
144,0.7119
144,0.7121
144,0.7123
144,0.7125
144,0.7126
144,0.7128
144,0.7130
144,0.7131
144,0.7133
144,0.7135
144,0.7136
144,0.7138
144,0.7139
144,0.7141
144,0.7142
144,0.7144
144,0.7145
144,0.7146
144,0.7148
144,0.7149
144,0.7151
144,0.7152
144,0.7154
144,0.7155
144,0.7157
144,0.7158
144,0.7160
144,0.7161
144,0.7162
144,0.7164
144,0.7166
144,0.7167
144,0.7168
144,0.7170
144,0.7172
144,0.7174
144,0.7175
144,0.7177
144,0.7179
144,0.7181
144,0.7183
144,0.7184
144,0.7186
144,0.7188
144,0.7190
144,0.7192
144,0.7193
144,0.7195
144,0.7197
144,0.7199
144,0.7200
144,0.7202
144,0.7204
144,0.7206
144,0.7208
144,0.7210
144,0.7212
144,0.7213
144,0.7215
144,0.7217
144,0.7219
144,0.7221
144,0.7222
144,0.7223
144,0.7225
144,0.7227
144,0.7229
144,0.7230
144,0.7232
144,0.7234
144,0.7236
144,0.7238
144,0.7239
144,0.7241
144,0.7243
144,0.7244
144,0.7246
144,0.7248
144,0.7249
144,0.7250
144,0.7252
144,0.7254
144,0.7255
144,0.7257
144,0.7258
144,0.7260
144,0.7261
144,0.7263
144,0.7265
144,0.7266
144,0.7268
144,0.7269
144,0.7270
144,0.7272
144,0.7273
144,0.7275
144,0.7276
144,0.7278
144,0.7279
144,0.7281
144,0.7282
144,0.7284
144,0.7285
144,0.7287
144,0.7288
144,0.7290
144,0.7291
144,0.7293
144,0.7294
144,0.7296
144,0.7297
144,0.7299
144,0.7300
144,0.7302
144,0.7303
144,0.7304
144,0.7306
144,0.7308
144,0.7309
144,0.7311
144,0.7312
144,0.7314
144,0.7315
144,0.7317
144,0.7318
144,0.7320
144,0.7321
144,0.7323
144,0.7325
144,0.7327
144,0.7328
144,0.7330
144,0.7331
144,0.7333
144,0.7335
144,0.7337
144,0.7338
144,0.7340
144,0.7342
144,0.7343
144,0.7345
144,0.7346
144,0.7348
144,0.7349
144,0.7351
144,0.7352
144,0.7354
144,0.7355
144,0.7357
144,0.7358
144,0.7360
144,0.7361
144,0.7363
144,0.7365
144,0.7367
144,0.7369
144,0.7370
144,0.7372
144,0.7373
144,0.7375
144,0.7377
144,0.7378
144,0.7380
144,0.7382
144,0.7383
144,0.7385
144,0.7387
144,0.7389
144,0.7391
144,0.7392
144,0.7393
144,0.7395
144,0.7397
144,0.7398
144,0.7400
144,0.7402
144,0.7404
144,0.7405
144,0.7407
144,0.7409
144,0.7410
144,0.7411
144,0.7413
144,0.7415
144,0.7416
144,0.7418
144,0.7420
144,0.7421
144,0.7423
144,0.7424
144,0.7426
144,0.7428
144,0.7429
144,0.7431
144,0.7432
144,0.7434
144,0.7435
144,0.7437
144,0.7438
144,0.7440
144,0.7441
144,0.7444
144,0.7445
144,0.7447
144,0.7449
144,0.7450
144,0.7452
144,0.7453
144,0.7455
144,0.7456
144,0.7458
144,0.7459
144,0.7461
144,0.7462
144,0.7464
144,0.7466
144,0.7467
144,0.7469
144,0.7470
144,0.7472
144,0.7473
144,0.7474
144,0.7476
144,0.7478
144,0.7479
144,0.7481
144,0.7482
144,0.7483
144,0.7485
144,0.7486
144,0.7488
144,0.7490
144,0.7492
144,0.7493
144,0.7495
144,0.7496
144,0.7498
144,0.7499
144,0.7501
144,0.7502
144,0.7504
144,0.7505
144,0.7507
144,0.7509
144,0.7510
144,0.7512
144,0.7513
144,0.7515
144,0.7516
144,0.7517
144,0.7519
144,0.7520
144,0.7522
144,0.7523
144,0.7525
144,0.7526
144,0.7528
144,0.7529
144,0.7530
144,0.7532
144,0.7533
144,0.7535
144,0.7536
144,0.7537
144,0.7539
144,0.7540
144,0.7542
144,0.7543
144,0.7545
144,0.7546
144,0.7548
144,0.7549
144,0.7551
144,0.7552
144,0.7554
144,0.7555
144,0.7556
144,0.7558
144,0.7559
144,0.7561
144,0.7562
144,0.7564
144,0.7565
144,0.7567
144,0.7568
144,0.7570
144,0.7571
144,0.7572
144,0.7574
144,0.7575
144,0.7576
144,0.7578
144,0.7579
144,0.7580
144,0.7582
144,0.7583
144,0.7585
144,0.7586
144,0.7588
144,0.7589
144,0.7590
144,0.7592
144,0.7593
144,0.7595
144,0.7596
144,0.7598
144,0.7599
144,0.7601
144,0.7602
144,0.7604
144,0.7606
144,0.7607
144,0.7609
144,0.7611
144,0.7612
144,0.7614
144,0.7615
144,0.7617
144,0.7618
144,0.7620
144,0.7621
144,0.7623
144,0.7625
144,0.7626
144,0.7627
144,0.7629
144,0.7630
144,0.7632
144,0.7633
144,0.7635
144,0.7636
144,0.7638
144,0.7640
144,0.7641
144,0.7642
144,0.7644
144,0.7646
144,0.7647
144,0.7649
144,0.7651
144,0.7652
144,0.7653
144,0.7655
144,0.7657
144,0.7658
144,0.7660
144,0.7661
144,0.7663
144,0.7664
144,0.7665
144,0.7667
144,0.7669
144,0.7671
144,0.7673
144,0.7674
144,0.7676
144,0.7677
144,0.7679
144,0.7681
144,0.7683
144,0.7685
144,0.7687
144,0.7689
144,0.7691
144,0.7692
144,0.7694
144,0.7696
144,0.7698
144,0.7699
144,0.7701
144,0.7702
144,0.7703
144,0.7705
144,0.7707
144,0.7708
144,0.7709
144,0.7711
144,0.7713
144,0.7715
144,0.7717
144,0.7719
144,0.7720
144,0.7722
